,äÓñ{ïœêîÇÃÇ›,+ê›íËâ∑ìx,+ãÛí≤â“ì≠éûä‘,ëSïœêîÇ†ÇË
0,inf,inf,inf,inf
1,inf,inf,inf,inf
2,inf,inf,inf,inf
3,inf,inf,inf,inf
4,inf,inf,inf,inf
7,inf,inf,inf,inf
8,10.29,27.99,91.56,59.88
9,4.47,17.58,15.36,25.61
10,3.05,11.17,8.86,11.78
11,7.84,26.02,20.43,36.76
12,2.82,0.48,17.18,4.68
13,5.9,26.26,19.74,13.73
14,4.5,1.79,7.31,8.56
15,5.56,5.4,11.11,13.78
16,6.03,13.95,33.22,28.16
19,inf,inf,inf,inf
20,inf,inf,inf,inf
21,inf,inf,inf,inf
22,inf,inf,inf,inf
23,inf,inf,inf,inf
24,inf,inf,inf,inf
25,inf,inf,inf,inf
26,inf,inf,inf,inf
27,inf,inf,inf,inf
29,inf,inf,inf,inf
32,inf,inf,inf,inf
33,7.85,16.18,13.14,9.31
36,5.32,1.25,11.81,13.94
37,6.67,11.16,12.18,16.1
38,4.76,1.95,15.52,7.77
39,0.12,1.3,3.45,13.85
40,67.39,74.68,90.67,50.77
42,inf,inf,inf,inf
43,inf,inf,inf,inf
44,inf,inf,inf,inf
45,inf,inf,inf,inf
46,inf,inf,inf,inf
47,inf,inf,inf,inf
49,inf,inf,inf,inf
52,inf,inf,inf,inf
54,inf,inf,inf,inf
58,2.14,7.18,25.15,25.95
59,7.41,18.7,16.46,17.96
60,5.72,4.75,16.35,14.73
61,1.26,4.67,15.78,14.01
62,0.26,1.58,6.48,14.71
63,1.73,8.18,10.4,13.73
64,18.74,31.23,88.43,34.45
67,inf,inf,inf,inf
68,inf,inf,inf,inf
72,inf,inf,inf,inf
73,inf,inf,inf,inf
74,inf,inf,inf,inf
75,inf,inf,inf,inf
78,inf,inf,inf,inf
79,inf,inf,inf,inf
80,inf,inf,inf,inf
81,3.22,3.03,6.46,1.13
84,1.81,1.34,7.67,1.47
85,0.53,2.37,1.91,2.56
86,5.09,2.01,49.95,59.94
87,inf,inf,inf,inf
88,inf,inf,inf,inf
90,inf,inf,inf,inf
91,inf,inf,inf,inf
92,inf,inf,inf,inf
93,inf,inf,inf,inf
94,inf,inf,inf,inf
97,inf,inf,inf,inf
98,inf,inf,inf,inf
100,inf,inf,inf,inf
101,inf,inf,inf,inf
102,inf,inf,inf,inf
104,inf,inf,inf,inf
106,5.8,8.45,4.51,5.36
107,12.63,17.39,11.24,9.16
108,7.57,15.23,29.95,24.0
109,9.69,22.31,33.64,31.73
110,12.96,25.36,34.4,28.61
111,12.34,14.48,32.23,10.84
113,inf,inf,inf,inf
115,inf,inf,inf,inf
116,inf,inf,inf,inf
117,inf,inf,inf,inf
118,inf,inf,inf,inf
119,inf,inf,inf,inf
120,inf,inf,inf,inf
121,inf,inf,inf,inf
123,inf,inf,inf,inf
125,inf,inf,inf,inf
126,inf,inf,inf,inf
127,inf,inf,inf,inf
128,inf,inf,inf,inf
129,inf,inf,inf,inf
130,inf,inf,inf,inf
131,inf,inf,inf,inf
132,inf,inf,inf,inf
133,inf,inf,inf,inf
134,inf,inf,inf,inf
136,inf,inf,inf,inf
137,inf,inf,inf,inf
138,inf,inf,inf,inf
139,inf,inf,inf,inf
140,inf,inf,inf,inf
142,inf,inf,inf,inf
143,inf,inf,inf,inf
144,inf,inf,inf,inf
147,inf,inf,inf,inf
148,inf,inf,inf,inf
149,inf,inf,inf,inf
150,inf,inf,inf,inf
152,inf,inf,inf,inf
153,3.15,3.46,6.85,3.14
154,5.55,2.36,3.26,6.28
155,0.41,6.62,22.19,11.69
156,5.33,6.43,29.15,12.41
158,10.18,23.76,70.03,49.77
159,2.48,4.11,4.99,6.61
160,6.22,6.93,6.66,16.13
161,15.7,48.4,63.94,44.15
162,inf,inf,inf,inf
163,inf,inf,inf,inf
164,inf,inf,inf,inf
165,inf,inf,inf,inf
166,inf,inf,inf,inf
168,inf,inf,inf,inf
169,inf,inf,inf,inf
170,inf,inf,inf,inf
172,inf,inf,inf,inf
173,inf,inf,inf,inf
174,inf,inf,inf,inf
176,inf,inf,inf,inf
177,1.19,10.95,2.74,4.78
178,0.26,4.0,5.06,6.7
180,3.41,8.63,6.96,6.94
184,2.81,5.57,11.86,1.43
186,inf,inf,inf,inf
187,inf,inf,inf,inf
189,inf,inf,inf,inf
191,inf,inf,inf,inf
192,inf,inf,inf,inf
193,inf,inf,inf,inf
194,inf,inf,inf,inf
195,inf,inf,inf,inf
196,inf,inf,inf,inf
197,inf,inf,inf,inf
198,inf,inf,inf,inf
199,inf,inf,inf,inf
200,inf,inf,inf,inf
202,7.88,6.62,17.87,23.63
204,19.09,21.88,9.71,9.25
205,50.78,64.76,84.4,69.25
206,4.34,4.61,11.14,7.39
208,6.0,2.42,6.83,3.43
210,inf,inf,inf,inf
211,inf,inf,inf,inf
212,inf,inf,inf,inf
213,inf,inf,inf,inf
214,inf,inf,inf,inf
216,inf,inf,inf,inf
217,inf,inf,inf,inf
220,inf,inf,inf,inf
221,inf,inf,inf,inf
223,inf,inf,inf,inf
225,2.42,8.1,4.41,5.4
226,0.65,6.51,5.7,2.56
227,3.77,1.39,11.39,8.1
228,4.07,9.39,15.88,15.27
229,9.81,18.28,23.3,28.79
230,10.43,14.17,8.31,17.26
232,3.22,8.88,0.13,1.05
234,inf,inf,inf,inf
235,inf,inf,inf,inf
237,inf,inf,inf,inf
238,inf,inf,inf,inf
240,inf,inf,inf,inf
241,inf,inf,inf,inf
242,inf,inf,inf,inf
243,inf,inf,inf,inf
248,12.51,8.6,23.47,11.43
249,7.65,3.78,6.12,6.46
250,0.05,1.53,12.4,14.78
251,4.89,2.02,2.68,1.17
252,9.51,3.12,5.99,8.78
253,0.76,3.31,6.7,0.21
254,5.32,0.27,5.29,0.08
256,7.28,9.18,20.41,10.17
257,10.61,13.85,6.53,2.86
258,inf,inf,inf,inf
259,inf,inf,inf,inf
261,inf,inf,inf,inf
262,inf,inf,inf,inf
263,inf,inf,inf,inf
264,inf,inf,inf,inf
265,inf,inf,inf,inf
266,inf,inf,inf,inf
267,inf,inf,inf,inf
271,inf,inf,inf,inf
273,0.12,7.71,8.26,0.6
274,0.48,3.93,15.82,8.75
275,0.47,7.59,12.76,13.36
276,5.06,11.37,21.17,18.72
279,4.64,11.57,5.92,19.21
280,1.92,11.93,5.92,7.01
284,inf,inf,inf,inf
285,inf,inf,inf,inf
287,inf,inf,inf,inf
288,inf,inf,inf,inf
289,inf,inf,inf,inf
292,inf,inf,inf,inf
294,inf,inf,inf,inf
295,inf,inf,inf,inf
297,inf,inf,inf,inf
298,inf,inf,inf,inf
299,inf,inf,inf,inf
300,inf,inf,inf,inf
302,inf,inf,inf,inf
303,inf,inf,inf,inf
304,inf,inf,inf,inf
306,inf,inf,inf,inf
309,inf,inf,inf,inf
310,inf,inf,inf,inf
311,inf,inf,inf,inf
312,inf,inf,inf,inf
314,inf,inf,inf,inf
315,inf,inf,inf,inf
316,inf,inf,inf,inf
317,inf,inf,inf,inf
318,inf,inf,inf,inf
319,inf,inf,inf,inf
320,40.05,49.93,57.38,49.63
322,1.86,4.02,12.61,3.1
323,14.58,24.74,27.3,25.26
325,5.82,3.36,4.64,2.08
327,10.85,3.91,23.39,16.48
328,11.48,21.4,23.32,16.77
329,7.84,17.31,10.2,4.91
330,inf,inf,inf,inf
331,inf,inf,inf,inf
332,inf,inf,inf,inf
334,inf,inf,inf,inf
336,inf,inf,inf,inf
337,inf,inf,inf,inf
338,inf,inf,inf,inf
340,inf,inf,inf,inf
342,inf,inf,inf,inf
343,inf,inf,inf,inf
344,20.06,36.84,36.56,27.72
345,2.63,6.34,13.74,5.45
348,6.15,13.86,19.02,13.59
350,3.99,6.03,18.26,9.96
351,4.38,3.21,13.53,1.48
352,40.48,17.41,139.56,49.97
353,7.63,6.08,42.19,38.27
354,inf,inf,inf,inf
355,inf,inf,inf,inf
356,inf,inf,inf,inf
357,inf,inf,inf,inf
358,inf,inf,inf,inf
360,inf,inf,inf,inf
361,inf,inf,inf,inf
362,inf,inf,inf,inf
363,inf,inf,inf,inf
366,inf,inf,inf,inf
367,inf,inf,inf,inf
369,12.47,0.77,11.06,12.3
370,35.66,16.71,134.99,65.48
373,40.97,31.59,72.94,26.06
375,10.35,8.65,41.25,7.09
378,inf,inf,inf,inf
380,inf,inf,inf,inf
382,inf,inf,inf,inf
385,inf,inf,inf,inf
386,inf,inf,inf,inf
387,inf,inf,inf,inf
388,inf,inf,inf,inf
393,inf,inf,inf,inf
394,18.98,20.81,15.37,1.11
396,inf,inf,inf,inf
397,inf,inf,inf,inf
398,6.36,26.97,53.89,45.99
399,2.33,6.35,0.32,0.83
400,1.18,9.43,6.7,15.15
403,inf,inf,inf,inf
404,inf,inf,inf,inf
405,inf,inf,inf,inf
407,inf,inf,inf,inf
408,inf,inf,inf,inf
409,inf,inf,inf,inf
411,inf,inf,inf,inf
412,inf,inf,inf,inf
414,inf,inf,inf,inf
416,inf,inf,inf,inf
417,inf,inf,inf,inf
418,inf,inf,inf,inf
419,8.91,9.99,9.39,4.55
420,1.1,4.33,9.87,3.14
421,0.09,9.6,6.59,7.26
423,0.85,15.63,5.36,23.78
424,7.9,11.63,20.67,16.42
425,7.95,41.17,73.13,81.91
428,inf,inf,inf,inf
429,inf,inf,inf,inf
431,inf,inf,inf,inf
433,inf,inf,inf,inf
434,inf,inf,inf,inf
435,inf,inf,inf,inf
437,inf,inf,inf,inf
440,27.28,62.31,110.15,105.25
441,11.85,18.96,32.2,30.25
442,3.47,0.88,16.84,15.3
443,4.18,14.04,24.61,16.63
444,14.52,11.37,10.1,6.07
445,4.94,9.43,11.69,0.99
446,54.88,118.31,89.53,109.61
447,35.15,57.68,84.61,100.76
448,23.11,32.35,38.62,28.32
449,8.26,44.93,48.03,63.62
450,inf,inf,inf,inf
453,inf,inf,inf,inf
454,inf,inf,inf,inf
455,inf,inf,inf,inf
457,inf,inf,inf,inf
459,inf,inf,inf,inf
460,inf,inf,inf,inf
461,inf,inf,inf,inf
463,inf,inf,inf,inf
465,inf,inf,inf,inf
466,inf,inf,inf,inf
467,inf,inf,inf,inf
468,inf,inf,inf,inf
469,inf,inf,inf,inf
471,inf,inf,inf,inf
472,inf,inf,inf,inf
478,inf,inf,inf,inf
479,inf,inf,inf,inf
480,inf,inf,inf,inf
481,inf,inf,inf,inf
484,inf,inf,inf,inf
485,inf,inf,inf,inf
487,5.0,24.25,37.62,62.75
490,1.57,5.65,8.05,7.15
492,1.88,6.43,14.48,4.86
494,5.74,2.44,25.46,7.92
496,0.01,5.15,5.87,14.78
497,1.83,3.4,21.66,2.75
501,inf,inf,inf,inf
502,inf,inf,inf,inf
503,inf,inf,inf,inf
506,inf,inf,inf,inf
507,inf,inf,inf,inf
508,inf,inf,inf,inf
509,inf,inf,inf,inf
510,inf,inf,inf,inf
511,45.87,30.8,72.46,103.98
514,42.06,88.42,107.3,119.05
515,2.37,2.53,8.26,6.37
516,10.8,32.21,32.25,24.77
517,2.58,9.08,3.88,8.91
518,7.05,9.21,10.15,1.19
519,20.03,58.27,78.03,49.05
520,31.08,72.78,60.12,59.49
521,3.48,20.37,29.01,20.9
524,inf,inf,inf,inf
525,inf,inf,inf,inf
526,inf,inf,inf,inf
528,inf,inf,inf,inf
529,inf,inf,inf,inf
530,inf,inf,inf,inf
533,inf,inf,inf,inf
534,inf,inf,inf,inf
535,14.77,37.28,47.01,32.07
537,inf,inf,inf,inf
539,6.77,11.47,16.31,9.88
540,2.63,3.85,17.17,18.14
541,8.14,32.13,33.04,26.74
542,11.47,13.85,8.92,14.73
544,0.59,0.62,49.12,33.19
545,29.65,27.62,23.85,35.89
546,inf,inf,inf,inf
547,inf,inf,inf,inf
548,inf,inf,inf,inf
549,inf,inf,inf,inf
550,inf,inf,inf,inf
552,inf,inf,inf,inf
553,inf,inf,inf,inf
555,inf,inf,inf,inf
556,inf,inf,inf,inf
557,inf,inf,inf,inf
558,inf,inf,inf,inf
560,20.03,30.84,30.52,31.53
561,11.41,16.24,58.05,71.82
563,12.62,22.16,9.03,13.77
564,6.22,23.45,87.95,75.73
565,1.23,10.93,13.18,18.36
566,22.34,34.57,105.35,74.04
567,9.82,3.8,7.4,0.48
568,5.99,4.81,15.89,18.53
570,inf,inf,inf,inf
571,inf,inf,inf,inf
572,inf,inf,inf,inf
573,inf,inf,inf,inf
574,inf,inf,inf,inf
575,inf,inf,inf,inf
576,inf,inf,inf,inf
577,inf,inf,inf,inf
583,0.55,5.88,58.43,41.04
584,5.89,19.31,26.81,26.41
585,17.1,3.7,11.48,3.15
589,6.92,9.94,18.08,4.0
590,0.5,5.07,18.76,0.39
591,5.46,3.51,17.05,14.6
593,11.54,12.72,9.44,3.15
594,inf,inf,inf,inf
595,inf,inf,inf,inf
596,inf,inf,inf,inf
597,inf,inf,inf,inf
598,inf,inf,inf,inf
599,inf,inf,inf,inf
600,inf,inf,inf,inf
601,inf,inf,inf,inf
604,inf,inf,inf,inf
605,inf,inf,inf,inf
606,inf,inf,inf,inf
610,7.01,29.3,146.0,88.16
612,65.6,53.77,131.88,75.6
613,17.34,8.42,2.74,5.21
614,15.43,20.2,15.04,0.86
615,13.41,26.18,25.87,27.26
616,inf,inf,inf,inf
617,inf,inf,inf,inf
619,inf,inf,inf,inf
620,inf,inf,inf,inf
622,inf,inf,inf,inf
623,inf,inf,inf,inf
624,inf,inf,inf,inf
625,inf,inf,inf,inf
628,inf,inf,inf,inf
629,inf,inf,inf,inf
630,inf,inf,inf,inf
631,inf,inf,inf,inf
632,inf,inf,inf,inf
633,inf,inf,inf,inf
637,inf,inf,inf,inf
638,inf,inf,inf,inf
639,inf,inf,inf,inf
640,inf,inf,inf,inf
643,inf,inf,inf,inf
644,inf,inf,inf,inf
645,inf,inf,inf,inf
646,inf,inf,inf,inf
647,inf,inf,inf,inf
648,inf,inf,inf,inf
649,inf,inf,inf,inf
650,inf,inf,inf,inf
651,inf,inf,inf,inf
652,inf,inf,inf,inf
654,inf,inf,inf,inf
655,inf,inf,inf,inf
658,12.11,7.64,18.25,14.88
659,4.23,2.56,24.17,3.49
662,21.08,51.39,27.85,51.89
665,11.24,19.37,22.1,15.23
666,inf,inf,inf,inf
668,inf,inf,inf,inf
670,inf,inf,inf,inf
671,inf,inf,inf,inf
673,inf,inf,inf,inf
674,inf,inf,inf,inf
675,inf,inf,inf,inf
676,inf,inf,inf,inf
678,inf,inf,inf,inf
680,30.02,48.1,15.94,0.22
682,4.37,8.32,0.75,9.87
683,14.85,27.62,42.4,20.92
684,3.82,7.94,2.85,16.08
685,7.91,12.34,3.71,17.13
686,6.59,9.42,7.74,18.12
687,3.49,3.68,4.63,17.69
688,18.88,77.59,126.1,83.44
690,inf,inf,inf,inf
691,inf,inf,inf,inf
692,inf,inf,inf,inf
693,inf,inf,inf,inf
694,inf,inf,inf,inf
697,inf,inf,inf,inf
698,inf,inf,inf,inf
699,inf,inf,inf,inf
702,inf,inf,inf,inf
705,4.8,11.8,75.1,56.24
706,inf,inf,inf,inf
708,2.92,29.23,52.32,31.16
710,inf,inf,inf,inf
711,inf,inf,inf,inf
712,inf,inf,inf,inf
713,inf,inf,inf,inf
714,inf,inf,inf,inf
716,inf,inf,inf,inf
717,inf,inf,inf,inf
719,inf,inf,inf,inf
721,inf,inf,inf,inf
722,inf,inf,inf,inf
725,inf,inf,inf,inf
726,inf,inf,inf,inf
727,inf,inf,inf,inf
731,3.79,10.31,18.85,22.25
732,3.18,6.26,33.31,12.18
733,3.19,0.49,3.15,2.85
734,4.22,12.85,1.88,3.72
735,3.64,5.64,6.32,2.08
736,3.89,6.85,17.69,2.35
737,32.3,41.3,12.47,13.88
738,inf,inf,inf,inf
740,inf,inf,inf,inf
743,inf,inf,inf,inf
745,inf,inf,inf,inf
746,inf,inf,inf,inf
747,inf,inf,inf,inf
749,inf,inf,inf,inf
750,inf,inf,inf,inf
752,inf,inf,inf,inf
754,15.78,18.87,4.16,0.2
755,9.02,16.33,8.74,1.18
757,6.98,15.54,15.35,8.06
758,22.86,30.74,60.4,66.09
759,inf,inf,inf,inf
760,inf,inf,inf,inf
761,inf,inf,inf,inf
762,inf,inf,inf,inf
763,inf,inf,inf,inf
764,inf,inf,inf,inf
765,inf,inf,inf,inf
766,inf,inf,inf,inf
768,inf,inf,inf,inf
769,inf,inf,inf,inf
770,inf,inf,inf,inf
772,inf,inf,inf,inf
775,inf,inf,inf,inf
776,inf,inf,inf,inf
777,inf,inf,inf,inf
778,10.75,24.98,22.75,28.95
780,1.18,7.31,10.9,8.83
781,6.53,1.47,18.91,7.87
783,inf,inf,inf,inf
784,16.29,6.38,60.48,60.41
785,16.07,32.54,18.53,5.84
786,inf,inf,inf,inf
788,inf,inf,inf,inf
789,inf,inf,inf,inf
790,inf,inf,inf,inf
791,inf,inf,inf,inf
792,inf,inf,inf,inf
797,inf,inf,inf,inf
801,inf,inf,inf,inf
802,inf,inf,inf,inf
807,inf,inf,inf,inf
808,inf,inf,inf,inf
810,inf,inf,inf,inf
811,inf,inf,inf,inf
812,inf,inf,inf,inf
816,inf,inf,inf,inf
818,inf,inf,inf,inf
821,inf,inf,inf,inf
822,inf,inf,inf,inf
823,inf,inf,inf,inf
824,inf,inf,inf,inf
826,2.68,7.97,52.78,41.65
827,4.92,13.76,3.44,9.04
828,2.47,18.59,26.67,38.42
829,4.28,5.36,13.0,14.02
830,inf,inf,inf,inf
831,inf,inf,inf,inf
833,inf,inf,inf,inf
835,inf,inf,inf,inf
836,inf,inf,inf,inf
839,inf,inf,inf,inf
840,inf,inf,inf,inf
841,inf,inf,inf,inf
842,inf,inf,inf,inf
843,inf,inf,inf,inf
845,inf,inf,inf,inf
846,inf,inf,inf,inf
848,inf,inf,inf,inf
849,0.81,0.81,0.01,6.1
850,4.16,25.33,57.49,47.5
851,8.08,6.28,12.43,9.46
852,3.24,8.05,15.3,5.27
853,5.22,3.76,12.2,1.68
857,11.89,17.14,5.46,5.52
860,inf,inf,inf,inf
861,inf,inf,inf,inf
862,inf,inf,inf,inf
863,inf,inf,inf,inf
865,inf,inf,inf,inf
867,inf,inf,inf,inf
869,inf,inf,inf,inf
870,inf,inf,inf,inf
871,inf,inf,inf,inf
872,28.0,33.57,28.68,28.13
873,3.27,6.36,1.74,9.79
874,3.7,0.14,0.06,1.97
875,1.01,0.12,0.43,7.65
876,11.44,16.07,14.3,15.19
877,8.29,18.67,18.74,19.23
878,0.72,4.6,12.59,5.85
880,3.72,8.77,15.96,22.47
881,7.46,19.8,25.27,18.74
882,inf,inf,inf,inf
883,inf,inf,inf,inf
884,inf,inf,inf,inf
886,inf,inf,inf,inf
887,inf,inf,inf,inf
888,inf,inf,inf,inf
890,inf,inf,inf,inf
891,inf,inf,inf,inf
893,inf,inf,inf,inf
894,inf,inf,inf,inf
895,29.89,48.02,17.94,16.4
896,21.99,27.34,35.26,27.78
897,0.91,0.84,13.66,18.38
899,24.45,21.09,20.15,17.91
900,8.35,20.26,6.45,2.48
901,4.0,1.2,6.44,8.68
902,16.77,21.52,32.17,31.17
903,5.42,16.05,94.07,67.42
904,13.43,7.97,7.71,8.1
905,inf,inf,inf,inf
907,inf,inf,inf,inf
908,inf,inf,inf,inf
909,inf,inf,inf,inf
910,inf,inf,inf,inf
911,inf,inf,inf,inf
912,inf,inf,inf,inf
913,inf,inf,inf,inf
914,inf,inf,inf,inf
915,inf,inf,inf,inf
916,inf,inf,inf,inf
917,inf,inf,inf,inf
918,inf,inf,inf,inf
919,inf,inf,inf,inf
921,13.66,9.99,16.09,23.88
922,1.39,7.87,10.24,4.28
923,5.77,26.4,41.3,39.01
926,4.93,21.2,8.3,7.86
927,17.05,6.76,2.82,4.34
928,7.62,12.31,9.5,8.89
929,13.89,10.84,9.5,6.74
932,inf,inf,inf,inf
933,inf,inf,inf,inf
934,inf,inf,inf,inf
935,inf,inf,inf,inf
936,inf,inf,inf,inf
938,inf,inf,inf,inf
939,inf,inf,inf,inf
940,inf,inf,inf,inf
941,inf,inf,inf,inf
942,inf,inf,inf,inf
943,12.73,12.14,108.9,88.16
944,1.51,1.35,50.57,34.89
945,6.15,22.28,18.99,18.22
947,2.61,1.32,17.85,13.86
948,0.0,1.62,0.81,17.48
949,15.08,20.09,18.45,6.73
950,10.6,15.85,8.25,24.1
951,6.57,14.72,20.64,33.31
952,7.14,6.74,27.21,23.23
954,inf,inf,inf,inf
955,inf,inf,inf,inf
956,inf,inf,inf,inf
957,inf,inf,inf,inf
958,inf,inf,inf,inf
960,inf,inf,inf,inf
963,inf,inf,inf,inf
965,inf,inf,inf,inf
967,inf,inf,inf,inf
968,inf,inf,inf,inf
969,inf,inf,inf,inf
971,inf,inf,inf,inf
972,inf,inf,inf,inf
973,inf,inf,inf,inf
974,inf,inf,inf,inf
975,inf,inf,inf,inf
977,inf,inf,inf,inf
979,inf,inf,inf,inf
980,inf,inf,inf,inf
981,inf,inf,inf,inf
982,inf,inf,inf,inf
983,inf,inf,inf,inf
984,inf,inf,inf,inf
986,inf,inf,inf,inf
987,inf,inf,inf,inf
988,inf,inf,inf,inf
989,inf,inf,inf,inf
990,inf,inf,inf,inf
991,inf,inf,inf,inf
992,inf,inf,inf,inf
993,1.2,1.09,5.85,1.64
994,2.34,5.64,4.18,1.85
995,5.27,10.13,23.03,15.21
997,1.12,16.85,7.35,11.92
1000,5.08,14.44,24.98,16.68
1001,43.75,88.51,62.18,71.68
1002,inf,inf,inf,inf
1003,inf,inf,inf,inf
1004,inf,inf,inf,inf
1005,inf,inf,inf,inf
1006,inf,inf,inf,inf
1007,inf,inf,inf,inf
1010,inf,inf,inf,inf
1011,inf,inf,inf,inf
1014,inf,inf,inf,inf
1015,19.57,30.52,3.67,2.36
1016,7.94,20.3,24.13,30.25
1017,8.48,6.3,7.27,4.12
1019,2.56,0.36,13.29,4.99
1020,1.93,2.99,4.85,0.13
1022,1.24,1.1,2.35,10.53
1023,6.85,4.48,9.22,7.48
1028,inf,inf,inf,inf
1030,inf,inf,inf,inf
1032,inf,inf,inf,inf
1034,inf,inf,inf,inf
1035,inf,inf,inf,inf
1036,inf,inf,inf,inf
1037,inf,inf,inf,inf
1038,inf,inf,inf,inf
1040,15.56,29.99,36.1,31.75
1041,8.16,0.31,5.03,13.06
1042,22.12,37.08,40.58,38.42
1046,2.08,13.71,8.53,16.42
1049,4.6,22.41,39.58,56.98
1050,inf,inf,inf,inf
1051,inf,inf,inf,inf
1052,inf,inf,inf,inf
1053,inf,inf,inf,inf
1054,inf,inf,inf,inf
1055,inf,inf,inf,inf
1056,inf,inf,inf,inf
1057,inf,inf,inf,inf
1059,inf,inf,inf,inf
1060,inf,inf,inf,inf
1061,inf,inf,inf,inf
1063,33.58,50.12,11.96,11.94
1065,14.41,7.59,6.52,12.26
1066,1.62,1.78,6.12,0.18
1067,2.72,0.37,7.3,2.31
1068,1.04,0.04,26.08,20.37
1069,6.89,1.04,2.13,0.89
1070,32.0,79.23,140.34,97.78
1071,6.07,9.81,16.75,16.28
1072,2.15,6.25,20.34,21.7
1073,4.4,8.74,4.36,1.44
1074,inf,inf,inf,inf
1075,inf,inf,inf,inf
1077,inf,inf,inf,inf
1079,inf,inf,inf,inf
1080,inf,inf,inf,inf
1081,inf,inf,inf,inf
1082,inf,inf,inf,inf
1084,inf,inf,inf,inf
1085,inf,inf,inf,inf
1086,inf,inf,inf,inf
1088,7.17,24.66,12.6,31.62
1091,5.49,19.55,8.22,18.62
1094,4.68,13.86,1.46,5.39
1096,3.83,13.46,21.51,19.54
1097,6.19,7.63,5.05,18.91
1098,inf,inf,inf,inf
1102,inf,inf,inf,inf
1104,inf,inf,inf,inf
1106,inf,inf,inf,inf
1107,inf,inf,inf,inf
1108,inf,inf,inf,inf
1113,6.37,9.68,17.19,12.78
1114,1.53,7.83,3.55,2.58
1117,11.06,12.74,8.69,5.27
1118,inf,inf,inf,inf
1120,inf,inf,inf,inf
1122,inf,inf,inf,inf
1123,inf,inf,inf,inf
1124,inf,inf,inf,inf
1126,inf,inf,inf,inf
1127,inf,inf,inf,inf
1128,inf,inf,inf,inf
1129,inf,inf,inf,inf
1130,inf,inf,inf,inf
1131,inf,inf,inf,inf
1134,inf,inf,inf,inf
1135,inf,inf,inf,inf
1136,inf,inf,inf,inf
1139,inf,inf,inf,inf
1140,inf,inf,inf,inf
1141,inf,inf,inf,inf
1142,inf,inf,inf,inf
1143,inf,inf,inf,inf
1145,inf,inf,inf,inf
1148,inf,inf,inf,inf
1150,inf,inf,inf,inf
1151,inf,inf,inf,inf
1152,inf,inf,inf,inf
1153,inf,inf,inf,inf
1155,inf,inf,inf,inf
1156,inf,inf,inf,inf
1157,inf,inf,inf,inf
1158,inf,inf,inf,inf
1159,2.75,2.77,53.37,51.89
1161,2.36,6.06,16.97,14.36
1162,6.5,8.58,9.05,11.88
1165,2.45,5.8,7.98,4.44
1166,9.95,20.93,17.39,31.22
1167,7.21,16.65,25.46,20.83
1168,0.44,5.27,11.53,9.68
1170,inf,inf,inf,inf
1171,inf,inf,inf,inf
1172,inf,inf,inf,inf
1174,inf,inf,inf,inf
1177,inf,inf,inf,inf
1178,inf,inf,inf,inf
1179,inf,inf,inf,inf
1180,inf,inf,inf,inf
1181,inf,inf,inf,inf
1182,inf,inf,inf,inf
1183,inf,inf,inf,inf
1186,0.21,1.08,0.02,1.18
1187,2.93,3.95,8.31,5.18
1188,3.38,7.52,5.84,7.55
1189,0.83,4.33,6.89,1.4
1191,0.95,3.96,9.75,6.17
1192,1.34,2.3,10.12,3.61
1193,2.84,9.1,11.99,1.49
1195,inf,inf,inf,inf
1196,inf,inf,inf,inf
1197,inf,inf,inf,inf
1200,inf,inf,inf,inf
1201,inf,inf,inf,inf
1202,inf,inf,inf,inf
1204,inf,inf,inf,inf
1206,inf,inf,inf,inf
1209,3.88,7.95,13.69,11.59
1210,1.75,16.95,18.9,16.86
1211,1.25,2.73,4.89,4.55
1212,3.09,0.83,0.42,1.25
1214,4.0,4.86,6.3,3.57
1215,2.2,3.34,3.26,1.39
1216,2.23,0.11,9.21,0.68
1219,inf,inf,inf,inf
1220,inf,inf,inf,inf
1221,inf,inf,inf,inf
1223,inf,inf,inf,inf
1224,inf,inf,inf,inf
1225,inf,inf,inf,inf
1226,inf,inf,inf,inf
1228,inf,inf,inf,inf
1231,inf,inf,inf,inf
1233,1.11,1.41,9.12,4.05
1234,0.37,0.29,5.98,1.22
1235,11.08,15.91,19.65,12.47
1237,0.4,1.67,11.7,16.04
1239,0.93,4.74,11.93,8.82
1240,4.11,0.17,3.7,10.44
1241,1.1,21.18,41.0,40.74
1242,inf,inf,inf,inf
1245,inf,inf,inf,inf
1246,inf,inf,inf,inf
1247,inf,inf,inf,inf
1248,inf,inf,inf,inf
1249,inf,inf,inf,inf
1250,inf,inf,inf,inf
1252,inf,inf,inf,inf
1253,inf,inf,inf,inf
1254,inf,inf,inf,inf
1257,0.32,5.58,2.27,1.41
1258,4.99,0.81,6.53,4.57
1259,6.49,21.33,20.68,19.84
1260,5.53,14.15,15.18,10.02
1262,0.9,4.34,19.6,14.38
1263,2.04,0.92,0.86,14.41
1265,0.55,10.79,26.96,38.32
1268,inf,inf,inf,inf
1269,inf,inf,inf,inf
1270,inf,inf,inf,inf
1274,inf,inf,inf,inf
1276,inf,inf,inf,inf
1277,inf,inf,inf,inf
1278,inf,inf,inf,inf
1279,inf,inf,inf,inf
1280,1.08,10.79,13.26,8.28
1282,7.17,14.97,18.39,13.81
1283,3.01,9.82,10.59,9.2
1285,2.38,11.14,8.76,3.51
1286,inf,inf,inf,inf
1288,inf,inf,inf,inf
1289,inf,inf,inf,inf
1290,inf,inf,inf,inf
1291,inf,inf,inf,inf
1293,inf,inf,inf,inf
1294,inf,inf,inf,inf
1295,inf,inf,inf,inf
1296,inf,inf,inf,inf
1297,inf,inf,inf,inf
1298,inf,inf,inf,inf
1299,inf,inf,inf,inf
1301,inf,inf,inf,inf
1304,inf,inf,inf,inf
1305,inf,inf,inf,inf
1306,inf,inf,inf,inf
1307,inf,inf,inf,inf
1309,inf,inf,inf,inf
1311,inf,inf,inf,inf
1312,inf,inf,inf,inf
1313,inf,inf,inf,inf
1315,inf,inf,inf,inf
1316,inf,inf,inf,inf
1317,inf,inf,inf,inf
1319,inf,inf,inf,inf
1321,inf,inf,inf,inf
1322,inf,inf,inf,inf
1325,inf,inf,inf,inf
1326,inf,inf,inf,inf
1327,4.01,14.71,2.38,7.19
1329,1.91,12.06,18.88,17.66
1330,2.32,9.49,5.58,8.23
1331,3.18,4.9,8.72,8.6
1332,1.69,6.97,9.71,11.34
1333,6.84,15.01,17.96,13.06
1334,0.63,1.1,0.09,1.04
1335,4.49,5.12,12.81,12.44
1337,0.04,4.1,9.92,2.09
1338,inf,inf,inf,inf
1339,inf,inf,inf,inf
1340,inf,inf,inf,inf
1341,inf,inf,inf,inf
1342,inf,inf,inf,inf
1344,inf,inf,inf,inf
1345,inf,inf,inf,inf
1346,inf,inf,inf,inf
1347,inf,inf,inf,inf
1348,inf,inf,inf,inf
1349,inf,inf,inf,inf
1350,inf,inf,inf,inf
1352,6.36,18.19,33.42,27.15
1355,1.4,4.62,16.04,8.42
1356,1.04,2.71,9.56,7.72
1357,3.28,6.09,21.7,3.3
1358,3.1,14.54,9.94,23.25
1359,2.35,5.23,9.62,11.23
1360,11.87,23.12,42.57,33.33
1361,8.39,2.22,13.27,4.66
1362,inf,inf,inf,inf
1363,inf,inf,inf,inf
1364,inf,inf,inf,inf
1365,inf,inf,inf,inf
1366,inf,inf,inf,inf
1368,inf,inf,inf,inf
1369,inf,inf,inf,inf
1370,inf,inf,inf,inf
1371,inf,inf,inf,inf
1372,inf,inf,inf,inf
1373,inf,inf,inf,inf
1377,0.96,0.64,1.37,2.81
1379,3.58,6.25,5.75,8.56
1384,0.55,0.42,8.65,7.51
1386,inf,inf,inf,inf
1387,inf,inf,inf,inf
1388,inf,inf,inf,inf
1389,inf,inf,inf,inf
1390,inf,inf,inf,inf
1391,inf,inf,inf,inf
1392,inf,inf,inf,inf
1394,inf,inf,inf,inf
1395,inf,inf,inf,inf
1396,inf,inf,inf,inf
1398,inf,inf,inf,inf
1399,11.78,21.73,8.03,10.66
1400,9.05,9.29,1.72,0.2
1401,2.51,5.1,6.7,2.87
1402,1.94,3.56,8.38,7.35
1403,0.14,1.93,6.08,6.66
1404,0.53,2.93,0.6,4.83
1405,0.15,1.77,10.09,9.38
1406,0.1,2.34,3.52,0.34
1408,2.28,7.18,32.44,13.37
1410,5.99,5.71,101.87,122.86
1411,inf,inf,inf,inf
1412,inf,inf,inf,inf
1413,inf,inf,inf,inf
1416,inf,inf,inf,inf
1417,inf,inf,inf,inf
1418,inf,inf,inf,inf
1419,inf,inf,inf,inf
1420,inf,inf,inf,inf
1421,inf,inf,inf,inf
1422,inf,inf,inf,inf
1423,28.32,45.62,2.31,6.75
1424,13.62,33.03,23.83,26.5
1425,3.21,4.35,3.19,1.59
1426,11.16,14.81,4.38,7.16
1427,0.02,1.78,15.46,6.64
1428,2.36,7.78,3.43,8.75
1429,1.7,2.84,9.35,3.64
1431,5.2,9.55,31.12,18.12
1434,inf,inf,inf,inf
1435,inf,inf,inf,inf
1436,inf,inf,inf,inf
1437,inf,inf,inf,inf
1438,inf,inf,inf,inf
1439,inf,inf,inf,inf
1440,inf,inf,inf,inf
1441,inf,inf,inf,inf
1442,inf,inf,inf,inf
1444,inf,inf,inf,inf
1446,inf,inf,inf,inf
1447,inf,inf,inf,inf
1448,6.87,11.79,9.17,7.83
1449,1.39,3.51,5.25,18.88
1450,0.95,3.39,4.88,3.47
1451,2.18,0.86,1.61,0.2
1452,5.12,13.51,23.89,19.0
1455,7.3,17.36,41.74,0.9
1456,5.9,12.01,133.16,49.9
1457,11.84,26.21,133.16,39.32
1459,inf,inf,inf,inf
1461,inf,inf,inf,inf
1462,inf,inf,inf,inf
1463,inf,inf,inf,inf
1464,inf,inf,inf,inf
1465,inf,inf,inf,inf
1468,inf,inf,inf,inf
1469,inf,inf,inf,inf
1470,inf,inf,inf,inf
1471,inf,inf,inf,inf
1473,13.6,17.28,9.23,3.96
1474,8.64,16.58,24.57,23.58
1477,42.02,69.01,72.79,87.06
1478,38.96,54.27,67.39,46.76
1479,4.99,1.86,7.64,16.96
1481,12.2,27.71,6.11,15.84
1482,inf,inf,inf,inf
1483,inf,inf,inf,inf
1484,inf,inf,inf,inf
1486,inf,inf,inf,inf
1487,inf,inf,inf,inf
1488,inf,inf,inf,inf
1489,inf,inf,inf,inf
1491,inf,inf,inf,inf
1492,inf,inf,inf,inf
1493,inf,inf,inf,inf
1494,inf,inf,inf,inf
1495,inf,inf,inf,inf
1497,29.45,35.84,87.41,61.03
1499,4.28,7.4,8.37,11.62
1500,7.6,5.63,41.99,0.71
1501,8.58,12.12,5.57,5.34
1502,9.3,24.26,34.2,27.91
1503,1.67,8.32,9.43,10.32
1505,4.69,13.17,23.0,15.9
1506,inf,inf,inf,inf
1508,inf,inf,inf,inf
1509,inf,inf,inf,inf
1510,inf,inf,inf,inf
1511,inf,inf,inf,inf
1512,inf,inf,inf,inf
1514,inf,inf,inf,inf
1515,inf,inf,inf,inf
1516,inf,inf,inf,inf
1518,inf,inf,inf,inf
1519,inf,inf,inf,inf
1520,5.55,12.97,81.33,116.95
1521,13.82,40.69,73.8,49.23
1522,1.55,7.8,5.57,8.87
1523,4.76,24.43,21.43,15.25
1524,1.75,4.23,4.75,12.34
1525,3.71,10.28,19.95,20.74
1526,0.42,3.05,16.43,17.0
1527,0.46,10.27,21.22,16.93
1528,10.65,19.2,37.95,32.08
1529,11.58,31.59,31.75,25.12
1533,inf,inf,inf,inf
1538,inf,inf,inf,inf
1540,inf,inf,inf,inf
1541,inf,inf,inf,inf
1542,inf,inf,inf,inf
1543,inf,inf,inf,inf
1544,inf,inf,inf,inf
1545,inf,inf,inf,inf
1546,inf,inf,inf,inf
1547,inf,inf,inf,inf
1549,5.5,2.32,23.11,11.21
1550,9.33,0.54,27.91,29.84
1551,18.67,22.46,38.53,35.36
1552,4.43,10.0,23.07,24.53
1554,inf,inf,inf,inf
1555,inf,inf,inf,inf
1556,inf,inf,inf,inf
1558,inf,inf,inf,inf
1559,inf,inf,inf,inf
1560,inf,inf,inf,inf
1563,inf,inf,inf,inf
1564,inf,inf,inf,inf
1565,inf,inf,inf,inf
1568,inf,inf,inf,inf
1569,inf,inf,inf,inf
1571,inf,inf,inf,inf
1572,3.96,27.6,187.45,192.01
1574,7.44,18.08,24.99,27.63
1575,11.76,8.49,9.57,3.02
1577,0.8,2.09,6.06,14.47
1578,inf,inf,inf,inf
1582,inf,inf,inf,inf
1586,inf,inf,inf,inf
1587,inf,inf,inf,inf
1588,inf,inf,inf,inf
1590,inf,inf,inf,inf
1591,inf,inf,inf,inf
1594,2.71,16.93,9.46,11.94
1596,7.94,1.72,21.36,5.77
1597,0.39,14.33,25.38,22.96
1598,9.52,17.16,20.31,20.13
1599,2.64,2.55,12.99,23.69
1600,0.76,8.11,5.94,0.73
1601,21.21,34.16,1.43,0.3
1602,inf,inf,inf,inf
1604,inf,inf,inf,inf
1605,inf,inf,inf,inf
1606,inf,inf,inf,inf
1607,inf,inf,inf,inf
1608,inf,inf,inf,inf
1609,inf,inf,inf,inf
1611,inf,inf,inf,inf
1613,inf,inf,inf,inf
1614,inf,inf,inf,inf
1615,inf,inf,inf,inf
1616,inf,inf,inf,inf
1617,inf,inf,inf,inf
1619,inf,inf,inf,inf
1621,inf,inf,inf,inf
1622,inf,inf,inf,inf
1624,inf,inf,inf,inf
1625,inf,inf,inf,inf
1626,inf,inf,inf,inf
1628,inf,inf,inf,inf
1629,inf,inf,inf,inf
1630,inf,inf,inf,inf
1632,inf,inf,inf,inf
1633,inf,inf,inf,inf
1634,inf,inf,inf,inf
1637,inf,inf,inf,inf
1639,inf,inf,inf,inf
1640,inf,inf,inf,inf
1641,12.25,18.39,36.69,18.82
1642,0.12,3.27,21.71,6.8
1643,4.03,7.39,10.57,3.76
1644,0.6,2.53,12.64,1.43
1645,3.33,6.64,4.57,11.14
1647,2.35,7.44,22.22,16.18
1648,1.61,4.52,19.46,10.2
1649,2.14,5.78,15.13,10.41
1651,inf,inf,inf,inf
1652,inf,inf,inf,inf
1653,inf,inf,inf,inf
1654,inf,inf,inf,inf
1655,inf,inf,inf,inf
1656,inf,inf,inf,inf
1657,inf,inf,inf,inf
1658,inf,inf,inf,inf
1660,inf,inf,inf,inf
1662,inf,inf,inf,inf
1664,10.57,14.84,0.74,6.81
1665,1.24,9.87,5.57,5.09
1666,6.62,5.36,15.67,8.4
1668,0.01,0.87,14.16,2.3
1669,4.16,4.65,26.09,11.93
1670,2.87,9.47,22.01,14.43
1671,0.7,4.09,15.81,5.76
1672,7.32,4.46,23.51,11.05
1675,inf,inf,inf,inf
1676,inf,inf,inf,inf
1680,inf,inf,inf,inf
1682,inf,inf,inf,inf
1683,inf,inf,inf,inf
1684,inf,inf,inf,inf
1688,6.95,0.45,44.01,51.99
1689,1.93,11.9,0.96,16.15
1690,0.77,10.1,6.61,16.89
1693,0.6,2.4,16.69,7.33
1694,1.95,2.25,13.22,0.96
1695,2.18,4.51,14.32,9.61
1696,0.09,5.17,1.01,9.14
1697,2.49,5.53,7.91,30.36
1698,inf,inf,inf,inf
1699,inf,inf,inf,inf
1700,inf,inf,inf,inf
1702,inf,inf,inf,inf
1703,inf,inf,inf,inf
1704,inf,inf,inf,inf
1706,inf,inf,inf,inf
1707,inf,inf,inf,inf
1708,inf,inf,inf,inf
1709,inf,inf,inf,inf
1710,inf,inf,inf,inf
1712,12.93,30.72,31.41,26.58
1713,3.05,8.3,27.77,12.92
1715,0.81,2.84,21.78,10.43
1717,6.57,20.47,14.59,33.43
1719,14.38,43.87,30.18,34.04
1720,inf,inf,inf,inf
1721,inf,inf,inf,inf
1722,inf,inf,inf,inf
1723,inf,inf,inf,inf
1724,inf,inf,inf,inf
1726,inf,inf,inf,inf
1728,inf,inf,inf,inf
1729,inf,inf,inf,inf
1730,inf,inf,inf,inf
1731,inf,inf,inf,inf
1733,inf,inf,inf,inf
1735,inf,inf,inf,inf
1736,10.55,3.52,84.11,82.08
1739,20.02,8.77,3.44,8.38
1740,37.18,35.86,69.53,81.86
1741,11.39,11.39,31.64,18.56
1742,5.47,13.13,2.06,18.01
1743,2.72,10.07,12.08,12.88
1744,3.26,3.75,5.38,9.22
1745,1.88,12.61,61.24,19.49
1746,inf,inf,inf,inf
1747,inf,inf,inf,inf
1748,inf,inf,inf,inf
1750,inf,inf,inf,inf
1751,inf,inf,inf,inf
1753,inf,inf,inf,inf
1754,inf,inf,inf,inf
1756,inf,inf,inf,inf
1757,inf,inf,inf,inf
1758,inf,inf,inf,inf
1759,inf,inf,inf,inf
1760,inf,inf,inf,inf
1763,10.16,20.34,9.44,0.2
1764,9.8,22.26,7.31,15.2
1765,33.58,33.1,46.01,53.65
1766,inf,inf,inf,inf
1767,20.97,7.65,54.26,37.02
1771,inf,inf,inf,inf
1772,inf,inf,inf,inf
1774,inf,inf,inf,inf
1775,inf,inf,inf,inf
1776,inf,inf,inf,inf
1778,inf,inf,inf,inf
1779,inf,inf,inf,inf
1780,inf,inf,inf,inf
1782,inf,inf,inf,inf
1783,inf,inf,inf,inf
1786,inf,inf,inf,inf
1787,inf,inf,inf,inf
1790,inf,inf,inf,inf
1791,inf,inf,inf,inf
1793,inf,inf,inf,inf
1794,inf,inf,inf,inf
1796,inf,inf,inf,inf
1798,inf,inf,inf,inf
1799,inf,inf,inf,inf
1800,inf,inf,inf,inf
1801,inf,inf,inf,inf
1802,inf,inf,inf,inf
1803,inf,inf,inf,inf
1805,inf,inf,inf,inf
1807,inf,inf,inf,inf
1811,20.94,6.99,80.79,11.34
1812,11.63,0.53,16.61,0.24
1813,5.65,14.07,16.15,15.39
1814,6.91,12.42,13.99,12.86
1816,0.44,10.42,3.16,17.74
1817,19.14,12.22,80.08,34.34
1818,29.96,39.2,40.88,33.61
1819,inf,inf,inf,inf
1822,inf,inf,inf,inf
1824,inf,inf,inf,inf
1826,inf,inf,inf,inf
1827,inf,inf,inf,inf
1828,inf,inf,inf,inf
1829,inf,inf,inf,inf
1830,inf,inf,inf,inf
1831,inf,inf,inf,inf
1832,inf,inf,inf,inf
1833,26.43,16.66,33.04,42.6
1837,14.71,13.54,42.79,1.93
1838,0.2,18.09,85.52,32.46
1839,11.71,19.03,22.41,1.2
1840,3.34,33.54,32.91,49.86
1841,11.23,2.17,34.93,12.7
1842,27.62,36.85,22.42,2.07
1844,inf,inf,inf,inf
1845,inf,inf,inf,inf
1846,inf,inf,inf,inf
1847,inf,inf,inf,inf
1848,inf,inf,inf,inf
1849,inf,inf,inf,inf
1851,inf,inf,inf,inf
1852,inf,inf,inf,inf
1853,inf,inf,inf,inf
1854,inf,inf,inf,inf
1858,9.79,15.98,60.91,37.06
1859,5.8,16.59,16.48,25.57
1860,6.78,7.01,14.31,16.99
1861,11.54,40.7,96.39,43.93
1864,1.17,10.86,26.8,6.24
1866,inf,inf,inf,inf
1867,inf,inf,inf,inf
1868,inf,inf,inf,inf
1869,inf,inf,inf,inf
1871,inf,inf,inf,inf
1872,inf,inf,inf,inf
1874,inf,inf,inf,inf
1875,inf,inf,inf,inf
1877,inf,inf,inf,inf
1878,inf,inf,inf,inf
1881,7.08,14.55,11.96,3.87
1882,3.21,6.08,41.68,32.64
1883,20.48,33.74,71.28,41.96
1884,17.77,4.4,56.06,15.57
1885,3.76,8.4,7.85,17.07
1887,17.09,27.72,30.63,32.11
1889,24.98,6.74,46.41,45.39
1891,inf,inf,inf,inf
1892,inf,inf,inf,inf
1893,inf,inf,inf,inf
1894,inf,inf,inf,inf
1895,inf,inf,inf,inf
1897,inf,inf,inf,inf
1898,inf,inf,inf,inf
1899,inf,inf,inf,inf
1900,inf,inf,inf,inf
1901,inf,inf,inf,inf
1902,inf,inf,inf,inf
1903,inf,inf,inf,inf
1906,inf,inf,inf,inf
1907,31.01,30.51,78.38,84.98
1908,24.23,37.75,3.01,20.64
1909,2.38,14.29,18.58,17.33
1910,6.43,19.56,19.73,19.05
1911,11.34,22.39,14.75,24.28
1912,35.47,46.87,62.12,48.63
1913,14.46,20.07,9.06,15.11
1915,inf,inf,inf,inf
1916,inf,inf,inf,inf
1917,inf,inf,inf,inf
1918,inf,inf,inf,inf
1919,inf,inf,inf,inf
1920,inf,inf,inf,inf
1922,inf,inf,inf,inf
1926,inf,inf,inf,inf
1927,inf,inf,inf,inf
1928,inf,inf,inf,inf
1930,inf,inf,inf,inf
1931,5.95,9.77,16.74,8.11
1934,5.71,6.45,5.74,16.75
1938,inf,inf,inf,inf
1939,inf,inf,inf,inf
1940,inf,inf,inf,inf
1942,inf,inf,inf,inf
1943,inf,inf,inf,inf
1944,inf,inf,inf,inf
1945,inf,inf,inf,inf
1947,inf,inf,inf,inf
1949,inf,inf,inf,inf
1950,inf,inf,inf,inf
1951,inf,inf,inf,inf
1952,inf,inf,inf,inf
1953,inf,inf,inf,inf
1955,inf,inf,inf,inf
1956,inf,inf,inf,inf
1957,inf,inf,inf,inf
1958,inf,inf,inf,inf
1959,inf,inf,inf,inf
1960,inf,inf,inf,inf
1961,inf,inf,inf,inf
1962,inf,inf,inf,inf
1964,inf,inf,inf,inf
1966,inf,inf,inf,inf
1970,inf,inf,inf,inf
1973,inf,inf,inf,inf
1975,inf,inf,inf,inf
1977,3.35,8.76,8.71,6.56
1978,9.6,13.81,17.79,13.96
1979,9.32,6.15,16.1,1.28
1980,4.28,11.89,3.73,5.73
1981,10.24,7.41,9.81,8.26
1983,31.52,30.59,62.24,65.68
1984,inf,inf,inf,inf
1987,inf,inf,inf,inf
1988,inf,inf,inf,inf
1989,inf,inf,inf,inf
1991,inf,inf,inf,inf
1994,inf,inf,inf,inf
1995,inf,inf,inf,inf
1996,inf,inf,inf,inf
1998,inf,inf,inf,inf
1999,inf,inf,inf,inf
2000,inf,inf,inf,inf
2003,7.91,32.0,8.29,41.24
2006,8.36,1.47,15.11,1.72
2007,9.04,6.81,21.25,4.89
2008,3.62,3.92,13.92,3.17
2012,inf,inf,inf,inf
2014,inf,inf,inf,inf
2015,inf,inf,inf,inf
2016,inf,inf,inf,inf
2018,inf,inf,inf,inf
2019,inf,inf,inf,inf
2020,inf,inf,inf,inf
2021,inf,inf,inf,inf
2022,inf,inf,inf,inf
2024,inf,inf,inf,inf
2026,16.74,22.31,22.77,11.94
2028,1.51,4.83,9.46,3.45
2029,9.38,7.98,31.4,16.13
2030,0.74,11.65,0.33,18.02
2034,inf,inf,inf,inf
2035,inf,inf,inf,inf
2036,inf,inf,inf,inf
2038,inf,inf,inf,inf
2039,inf,inf,inf,inf
2040,inf,inf,inf,inf
2041,inf,inf,inf,inf
2043,inf,inf,inf,inf
2044,inf,inf,inf,inf
2046,inf,inf,inf,inf
2047,inf,inf,inf,inf
2048,inf,inf,inf,inf
2054,inf,inf,inf,inf
2055,inf,inf,inf,inf
2056,inf,inf,inf,inf
2057,inf,inf,inf,inf
2058,inf,inf,inf,inf
2059,inf,inf,inf,inf
2060,inf,inf,inf,inf
2061,inf,inf,inf,inf
2062,inf,inf,inf,inf
2063,inf,inf,inf,inf
2064,inf,inf,inf,inf
2065,inf,inf,inf,inf
2067,inf,inf,inf,inf
2070,inf,inf,inf,inf
2072,inf,inf,inf,inf
2074,21.51,30.24,50.17,50.22
2075,0.4,6.06,3.77,12.07
2076,16.36,5.06,87.49,52.98
2077,10.14,3.13,6.65,11.49
2078,1.31,6.53,2.11,10.21
2082,inf,inf,inf,inf
2083,inf,inf,inf,inf
2086,inf,inf,inf,inf
2087,inf,inf,inf,inf
2088,inf,inf,inf,inf
2089,inf,inf,inf,inf
2090,inf,inf,inf,inf
2091,inf,inf,inf,inf
2092,inf,inf,inf,inf
2094,inf,inf,inf,inf
2095,inf,inf,inf,inf
2097,3.04,4.0,18.51,2.63
2098,6.31,21.67,14.24,21.33
2100,8.68,6.97,3.39,1.86
2103,3.61,4.63,10.52,5.13
2104,inf,inf,inf,inf
2105,inf,inf,inf,inf
2106,inf,inf,inf,inf
2107,inf,inf,inf,inf
2110,inf,inf,inf,inf
2112,inf,inf,inf,inf
2113,inf,inf,inf,inf
2114,inf,inf,inf,inf
2115,inf,inf,inf,inf
2116,inf,inf,inf,inf
2118,inf,inf,inf,inf
2120,inf,inf,inf,inf
2121,inf,inf,inf,inf
2122,inf,inf,inf,inf
2124,inf,inf,inf,inf
2126,inf,inf,inf,inf
2128,inf,inf,inf,inf
2130,inf,inf,inf,inf
2132,inf,inf,inf,inf
2133,inf,inf,inf,inf
2135,inf,inf,inf,inf
2136,inf,inf,inf,inf
2137,inf,inf,inf,inf
2139,inf,inf,inf,inf
2140,inf,inf,inf,inf
2142,inf,inf,inf,inf
2143,inf,inf,inf,inf
2144,inf,inf,inf,inf
2145,2.06,18.62,0.12,16.9
2146,5.87,7.07,29.43,12.59
2147,5.1,5.41,27.57,10.09
2148,6.77,8.1,1.71,0.63
2149,2.95,6.5,11.3,1.9
2152,3.46,8.26,0.01,7.82
2153,26.02,42.12,27.57,29.22
2155,inf,inf,inf,inf
2157,inf,inf,inf,inf
2158,inf,inf,inf,inf
2159,inf,inf,inf,inf
2160,inf,inf,inf,inf
2161,inf,inf,inf,inf
2163,inf,inf,inf,inf
2165,inf,inf,inf,inf
2166,inf,inf,inf,inf
2169,2.99,4.54,0.15,2.2
2171,15.94,13.24,11.23,11.61
2172,6.57,11.59,7.85,25.36
2174,7.12,18.95,6.84,7.79
2175,3.66,5.52,8.62,3.33
2176,1.69,23.03,56.95,72.98
2177,7.45,8.45,17.22,2.97
2179,inf,inf,inf,inf
2182,inf,inf,inf,inf
2183,inf,inf,inf,inf
2184,inf,inf,inf,inf
2185,inf,inf,inf,inf
2186,inf,inf,inf,inf
2188,inf,inf,inf,inf
2190,inf,inf,inf,inf
2191,inf,inf,inf,inf
2195,8.34,11.27,25.04,12.4
2198,2.62,8.53,10.97,0.57
2200,13.36,9.38,41.28,15.13
2202,inf,inf,inf,inf
2204,inf,inf,inf,inf
2205,inf,inf,inf,inf
2206,inf,inf,inf,inf
2207,inf,inf,inf,inf
2208,inf,inf,inf,inf
2213,inf,inf,inf,inf
2214,inf,inf,inf,inf
2216,30.71,20.57,109.0,64.88
2217,5.41,16.46,10.3,15.53
2219,4.47,19.87,36.33,21.57
2220,0.82,5.5,35.25,22.0
2221,12.83,14.43,35.25,26.76
2223,3.71,7.81,4.1,12.37
2228,inf,inf,inf,inf
2229,inf,inf,inf,inf
2231,inf,inf,inf,inf
2232,inf,inf,inf,inf
2233,inf,inf,inf,inf
2234,inf,inf,inf,inf
2235,inf,inf,inf,inf
2236,inf,inf,inf,inf
2237,inf,inf,inf,inf
2238,inf,inf,inf,inf
2240,3.76,5.19,3.38,7.15
2241,3.27,0.1,17.77,6.34
2242,1.21,11.78,1.74,5.72
2246,0.18,11.9,1.39,24.77
2248,4.9,8.25,3.9,2.04
2249,0.55,7.7,10.5,10.48
2250,inf,inf,inf,inf
2252,inf,inf,inf,inf
2253,inf,inf,inf,inf
2254,inf,inf,inf,inf
2255,inf,inf,inf,inf
2257,inf,inf,inf,inf
2258,inf,inf,inf,inf
2259,inf,inf,inf,inf
2260,inf,inf,inf,inf
2261,inf,inf,inf,inf
2262,inf,inf,inf,inf
2263,inf,inf,inf,inf
2266,7.63,8.63,14.55,14.63
2267,3.81,7.47,1.94,14.31
2268,2.94,11.18,2.68,6.55
2269,7.28,1.84,28.38,56.52
2270,inf,inf,inf,inf
2271,inf,inf,inf,inf
2272,inf,inf,inf,inf
2276,inf,inf,inf,inf
2277,inf,inf,inf,inf
2278,inf,inf,inf,inf
2279,inf,inf,inf,inf
2281,inf,inf,inf,inf
2283,inf,inf,inf,inf
2284,inf,inf,inf,inf
2285,inf,inf,inf,inf
2286,inf,inf,inf,inf
2288,inf,inf,inf,inf
2289,inf,inf,inf,inf
2290,inf,inf,inf,inf
2291,inf,inf,inf,inf
2293,inf,inf,inf,inf
2294,inf,inf,inf,inf
2295,inf,inf,inf,inf
2296,inf,inf,inf,inf
2297,inf,inf,inf,inf
2298,inf,inf,inf,inf
2299,inf,inf,inf,inf
2300,inf,inf,inf,inf
2301,inf,inf,inf,inf
2302,inf,inf,inf,inf
2303,inf,inf,inf,inf
2305,inf,inf,inf,inf
2307,inf,inf,inf,inf
2308,inf,inf,inf,inf
2309,inf,inf,inf,inf
2310,inf,inf,inf,inf
2311,inf,inf,inf,inf
2312,inf,inf,inf,inf
2313,14.33,19.65,27.69,16.75
2315,4.02,11.54,23.1,15.1
2316,6.76,14.71,17.3,11.44
2317,0.64,16.26,8.91,8.95
2318,1.29,8.57,0.19,14.3
2319,6.74,20.82,25.67,21.15
2320,2.22,4.24,0.65,11.1
2321,7.76,17.76,64.07,62.26
2324,inf,inf,inf,inf
2325,inf,inf,inf,inf
2326,inf,inf,inf,inf
2327,inf,inf,inf,inf
2328,inf,inf,inf,inf
2329,inf,inf,inf,inf
2330,inf,inf,inf,inf
2331,inf,inf,inf,inf
2332,inf,inf,inf,inf
2333,inf,inf,inf,inf
2334,inf,inf,inf,inf
2335,inf,inf,inf,inf
2336,inf,inf,inf,inf
2337,10.77,24.15,32.59,29.23
2338,3.1,5.89,5.0,3.56
2339,2.68,22.48,46.62,44.36
2340,8.23,24.5,16.91,25.3
2341,17.46,21.69,4.29,11.7
2342,0.53,0.17,1.39,2.75
2343,0.68,4.2,8.5,3.88
2344,6.78,0.3,1.42,2.46
2345,22.49,23.01,64.06,76.94
2346,inf,inf,inf,inf
2347,inf,inf,inf,inf
2348,inf,inf,inf,inf
2349,inf,inf,inf,inf
2351,inf,inf,inf,inf
2354,inf,inf,inf,inf
2355,inf,inf,inf,inf
2356,inf,inf,inf,inf
2357,inf,inf,inf,inf
2358,inf,inf,inf,inf
2361,4.85,10.82,11.87,17.97
2362,5.34,6.4,7.31,8.14
2363,6.33,7.99,35.61,15.01
2364,8.09,1.11,13.6,12.22
2365,14.73,8.53,12.94,26.84
2366,44.07,60.5,82.03,28.61
2367,16.71,17.81,6.41,28.26
2370,inf,inf,inf,inf
2371,inf,inf,inf,inf
2373,inf,inf,inf,inf
2374,inf,inf,inf,inf
2375,inf,inf,inf,inf
2376,inf,inf,inf,inf
2378,inf,inf,inf,inf
2379,inf,inf,inf,inf
2380,inf,inf,inf,inf
2381,inf,inf,inf,inf
2386,3.29,1.14,16.83,5.49
2389,18.98,27.8,60.17,20.36
2390,8.91,7.36,12.49,17.43
2392,15.33,26.24,25.63,37.17
2393,16.04,7.79,19.15,22.97
2394,inf,inf,inf,inf
2395,inf,inf,inf,inf
2396,inf,inf,inf,inf
2397,inf,inf,inf,inf
2399,inf,inf,inf,inf
2402,inf,inf,inf,inf
2403,inf,inf,inf,inf
2407,inf,inf,inf,inf
2409,6.64,6.64,5.24,5.46
2410,1.26,6.8,16.93,12.28
2411,6.65,4.08,18.29,9.14
2412,2.25,37.25,45.2,51.19
2413,11.15,28.1,57.61,39.42
2415,8.61,14.15,9.27,21.18
2416,7.89,21.6,9.11,11.89
2417,inf,inf,inf,inf
2419,inf,inf,inf,inf
2420,inf,inf,inf,inf
2421,inf,inf,inf,inf
2422,inf,inf,inf,inf
2423,inf,inf,inf,inf
2424,inf,inf,inf,inf
2425,inf,inf,inf,inf
2426,inf,inf,inf,inf
2428,inf,inf,inf,inf
2429,inf,inf,inf,inf
2431,inf,inf,inf,inf
2432,inf,inf,inf,inf
2433,2.05,10.27,7.41,16.09
2436,5.71,8.14,21.49,13.39
2437,3.68,15.91,50.65,20.42
2438,1.96,21.43,0.84,3.06
2439,4.73,23.53,70.41,78.04
2440,inf,inf,inf,inf
2441,inf,inf,inf,inf
2443,inf,inf,inf,inf
2444,inf,inf,inf,inf
2445,inf,inf,inf,inf
2447,inf,inf,inf,inf
2449,inf,inf,inf,inf
2450,inf,inf,inf,inf
2453,inf,inf,inf,inf
2454,inf,inf,inf,inf
2455,inf,inf,inf,inf
2457,inf,inf,inf,inf
2459,21.5,51.21,22.03,13.72
2460,inf,inf,inf,inf
2461,inf,inf,inf,inf
2462,inf,inf,inf,inf
2464,inf,inf,inf,inf
2465,inf,inf,inf,inf
2467,inf,inf,inf,inf
2470,inf,inf,inf,inf
2471,inf,inf,inf,inf
2472,inf,inf,inf,inf
2473,inf,inf,inf,inf
2474,inf,inf,inf,inf
2475,inf,inf,inf,inf
2476,inf,inf,inf,inf
2477,inf,inf,inf,inf
2478,inf,inf,inf,inf
2479,inf,inf,inf,inf
2481,8.14,29.33,18.13,25.93
2482,5.15,6.76,7.18,6.75
2483,4.23,24.54,10.32,22.9
2484,54.65,41.51,126.4,55.47
2487,14.31,12.24,57.38,22.21
2489,16.25,32.67,20.06,22.46
2490,inf,inf,inf,inf
2491,inf,inf,inf,inf
2492,inf,inf,inf,inf
2493,inf,inf,inf,inf
2494,inf,inf,inf,inf
2496,inf,inf,inf,inf
2499,inf,inf,inf,inf
2500,inf,inf,inf,inf
2501,inf,inf,inf,inf
2503,inf,inf,inf,inf
2504,inf,inf,inf,inf
2505,1.86,0.98,17.2,4.95
2507,4.14,16.34,9.24,16.09
2508,16.89,1.08,20.83,5.38
2509,46.42,78.12,37.29,38.32
2510,17.47,13.78,18.58,25.75
2511,inf,inf,inf,inf
2512,2.59,28.32,24.62,46.83
2514,inf,inf,inf,inf
2516,inf,inf,inf,inf
2517,inf,inf,inf,inf
2518,inf,inf,inf,inf
2522,inf,inf,inf,inf
2523,inf,inf,inf,inf
2525,inf,inf,inf,inf
2526,inf,inf,inf,inf
2527,inf,inf,inf,inf
2528,inf,inf,inf,inf
2529,11.46,10.46,18.15,7.11
2532,1.68,4.78,48.82,27.23
2535,33.92,20.44,39.35,32.49
2536,10.64,9.79,29.78,23.92
2537,19.38,19.87,24.4,29.23
2538,inf,inf,inf,inf
2539,inf,inf,inf,inf
2540,inf,inf,inf,inf
2541,inf,inf,inf,inf
2543,inf,inf,inf,inf
2544,inf,inf,inf,inf
2546,inf,inf,inf,inf
2549,inf,inf,inf,inf
2550,inf,inf,inf,inf
2551,inf,inf,inf,inf
2552,inf,inf,inf,inf
2553,inf,inf,inf,inf
2554,inf,inf,inf,inf
2558,1.14,29.38,50.52,44.4
2559,12.35,16.08,7.91,21.27
2560,8.91,15.77,12.65,19.64
2561,6.03,7.67,32.08,38.74
2562,inf,inf,inf,inf
2563,inf,inf,inf,inf
2565,inf,inf,inf,inf
2566,inf,inf,inf,inf
2569,inf,inf,inf,inf
2570,inf,inf,inf,inf
2571,inf,inf,inf,inf
2573,inf,inf,inf,inf
2574,inf,inf,inf,inf
2575,inf,inf,inf,inf
2576,inf,inf,inf,inf
2577,inf,inf,inf,inf
2578,inf,inf,inf,inf
2579,inf,inf,inf,inf
2581,10.84,3.96,44.16,36.05
2582,20.58,20.74,23.49,17.57
2583,52.18,46.89,63.04,64.11
2584,21.86,37.74,29.92,35.1
2585,8.91,24.31,5.73,8.22
2586,inf,inf,inf,inf
2587,inf,inf,inf,inf
2588,inf,inf,inf,inf
2590,inf,inf,inf,inf
2591,inf,inf,inf,inf
2592,inf,inf,inf,inf
2593,inf,inf,inf,inf
2594,inf,inf,inf,inf
2595,inf,inf,inf,inf
2597,inf,inf,inf,inf
2598,inf,inf,inf,inf
2599,inf,inf,inf,inf
2600,inf,inf,inf,inf
2602,25.51,54.25,12.35,5.44
2603,5.51,24.97,26.29,20.51
2604,11.62,15.67,22.46,20.19
2605,5.99,13.19,19.22,15.87
2606,35.57,45.94,19.09,22.49
2608,inf,inf,inf,inf
2609,inf,inf,inf,inf
2610,inf,inf,inf,inf
2614,inf,inf,inf,inf
2617,inf,inf,inf,inf
2620,inf,inf,inf,inf
2621,inf,inf,inf,inf
2622,inf,inf,inf,inf
2623,inf,inf,inf,inf
2624,inf,inf,inf,inf
2625,inf,inf,inf,inf
2626,inf,inf,inf,inf
2627,inf,inf,inf,inf
2628,inf,inf,inf,inf
2629,inf,inf,inf,inf
2631,inf,inf,inf,inf
2632,inf,inf,inf,inf
2633,inf,inf,inf,inf
2634,inf,inf,inf,inf
2636,inf,inf,inf,inf
2637,inf,inf,inf,inf
2638,inf,inf,inf,inf
2639,inf,inf,inf,inf
2640,inf,inf,inf,inf
2641,inf,inf,inf,inf
2642,inf,inf,inf,inf
2643,inf,inf,inf,inf
2644,inf,inf,inf,inf
2645,inf,inf,inf,inf
2647,inf,inf,inf,inf
2648,inf,inf,inf,inf
2652,9.28,13.17,30.95,27.69
2655,4.9,7.5,26.34,19.81
2656,0.16,5.24,1.71,8.52
2657,7.67,1.6,11.53,3.8
2658,inf,inf,inf,inf
2659,inf,inf,inf,inf
2661,inf,inf,inf,inf
2662,inf,inf,inf,inf
2666,inf,inf,inf,inf
2667,inf,inf,inf,inf
2668,inf,inf,inf,inf
2669,inf,inf,inf,inf
2671,inf,inf,inf,inf
2673,1.0,7.72,20.87,3.54
2676,3.35,5.34,14.52,1.76
2678,10.06,17.23,25.27,20.98
2680,3.68,15.15,13.3,6.86
2681,13.49,21.9,21.6,25.11
2682,inf,inf,inf,inf
2683,inf,inf,inf,inf
2684,inf,inf,inf,inf
2686,inf,inf,inf,inf
2687,inf,inf,inf,inf
2688,inf,inf,inf,inf
2689,inf,inf,inf,inf
2690,inf,inf,inf,inf
2691,inf,inf,inf,inf
2692,inf,inf,inf,inf
2693,inf,inf,inf,inf
2694,inf,inf,inf,inf
2696,inf,inf,inf,inf
2697,13.69,10.96,5.61,1.85
2698,4.57,1.11,14.99,1.23
2699,1.45,2.44,6.53,1.95
2700,0.65,0.81,1.45,2.03
2701,4.03,8.26,1.91,8.53
2702,0.66,3.99,10.01,7.52
2704,5.21,2.61,12.0,0.46
2705,14.85,29.74,30.22,33.28
2706,inf,inf,inf,inf
2709,inf,inf,inf,inf
2710,inf,inf,inf,inf
2711,inf,inf,inf,inf
2712,inf,inf,inf,inf
2715,inf,inf,inf,inf
2716,inf,inf,inf,inf
2718,inf,inf,inf,inf
2720,inf,inf,inf,inf
2721,2.03,15.31,22.95,25.76
2723,12.48,9.04,14.48,2.54
2724,35.11,61.28,71.25,52.86
2728,31.48,48.67,19.79,20.72
2729,inf,inf,inf,inf
2730,inf,inf,inf,inf
2731,inf,inf,inf,inf
2732,inf,inf,inf,inf
2733,inf,inf,inf,inf
2734,inf,inf,inf,inf
2735,inf,inf,inf,inf
2736,inf,inf,inf,inf
2737,inf,inf,inf,inf
2740,inf,inf,inf,inf
2741,inf,inf,inf,inf
2742,inf,inf,inf,inf
2743,inf,inf,inf,inf
2744,26.23,24.09,16.96,40.1
2745,2.51,2.59,6.03,12.09
2748,2.72,18.78,17.61,9.16
2749,27.67,10.35,44.94,16.05
2750,2.83,11.22,44.91,18.18
2752,inf,inf,inf,inf
2754,inf,inf,inf,inf
2755,inf,inf,inf,inf
2756,inf,inf,inf,inf
2757,inf,inf,inf,inf
2758,inf,inf,inf,inf
2759,inf,inf,inf,inf
2764,inf,inf,inf,inf
2765,inf,inf,inf,inf
2769,0.11,17.62,0.98,0.83
2770,8.35,6.84,13.72,17.45
2771,7.98,18.36,11.05,17.72
2772,8.68,8.37,17.35,20.74
2773,9.05,29.79,41.06,30.57
2775,0.0,11.06,34.51,38.01
2777,inf,inf,inf,inf
2780,inf,inf,inf,inf
2781,inf,inf,inf,inf
2782,inf,inf,inf,inf
2784,inf,inf,inf,inf
2785,inf,inf,inf,inf
2786,inf,inf,inf,inf
2787,inf,inf,inf,inf
2789,inf,inf,inf,inf
2790,inf,inf,inf,inf
2791,inf,inf,inf,inf
2792,inf,inf,inf,inf
2793,inf,inf,inf,inf
2794,inf,inf,inf,inf
2795,inf,inf,inf,inf
2796,inf,inf,inf,inf
2797,inf,inf,inf,inf
2798,inf,inf,inf,inf
2799,inf,inf,inf,inf
2800,inf,inf,inf,inf
2801,inf,inf,inf,inf
2803,inf,inf,inf,inf
2804,inf,inf,inf,inf
2805,inf,inf,inf,inf
2808,inf,inf,inf,inf
2809,inf,inf,inf,inf
2810,inf,inf,inf,inf
2812,inf,inf,inf,inf
2816,12.11,14.77,111.91,93.88
2817,1.74,6.74,5.35,5.23
2819,6.67,8.7,7.87,20.6
2821,5.81,26.19,26.33,14.79
2822,0.71,9.66,18.19,14.56
2823,5.55,8.92,14.47,9.68
2824,4.1,5.33,5.53,5.63
2825,1.64,8.31,12.61,13.06
2826,inf,inf,inf,inf
2828,inf,inf,inf,inf
2831,inf,inf,inf,inf
2832,inf,inf,inf,inf
2835,inf,inf,inf,inf
2836,inf,inf,inf,inf
2837,inf,inf,inf,inf
2838,inf,inf,inf,inf
2839,inf,inf,inf,inf
2840,3.17,6.85,42.03,29.44
2844,18.38,38.59,38.03,31.75
2846,0.94,1.11,10.39,9.7
2847,5.72,12.35,12.51,7.43
2848,26.53,54.37,78.59,67.2
2850,47.19,60.93,25.75,40.26
2851,inf,inf,inf,inf
2853,inf,inf,inf,inf
2854,inf,inf,inf,inf
2855,inf,inf,inf,inf
2856,inf,inf,inf,inf
2858,inf,inf,inf,inf
2859,inf,inf,inf,inf
2861,inf,inf,inf,inf
2862,inf,inf,inf,inf
2863,inf,inf,inf,inf
2864,inf,inf,inf,inf
2865,3.46,19.34,19.83,22.32
2866,11.44,13.27,21.01,15.51
2868,36.26,57.41,48.29,38.27
2869,8.36,2.43,12.27,7.12
2872,11.02,26.61,57.86,54.31
2873,15.42,11.93,22.51,40.55
2874,inf,inf,inf,inf
2875,inf,inf,inf,inf
2876,inf,inf,inf,inf
2878,inf,inf,inf,inf
2879,inf,inf,inf,inf
2880,inf,inf,inf,inf
2881,inf,inf,inf,inf
2882,inf,inf,inf,inf
2884,inf,inf,inf,inf
2885,inf,inf,inf,inf
2886,inf,inf,inf,inf
2887,inf,inf,inf,inf
2888,20.21,16.51,58.15,34.05
2889,5.46,9.97,7.6,4.08
2891,3.65,8.91,26.52,7.18
2892,5.07,12.85,6.41,5.63
2893,8.85,12.68,18.28,16.92
2894,16.9,20.64,6.32,13.55
2895,7.74,14.36,15.13,16.08
2896,15.72,19.76,7.93,11.97
2898,inf,inf,inf,inf
2899,inf,inf,inf,inf
2901,inf,inf,inf,inf
2902,inf,inf,inf,inf
2903,inf,inf,inf,inf
2904,inf,inf,inf,inf
2906,inf,inf,inf,inf
2907,inf,inf,inf,inf
2908,inf,inf,inf,inf
2909,inf,inf,inf,inf
2910,inf,inf,inf,inf
2911,inf,inf,inf,inf
2912,10.95,35.68,79.88,74.4
2914,4.91,6.8,2.22,16.4
2915,0.79,4.18,7.86,8.86
2916,6.31,2.16,21.6,12.51
2917,2.68,8.95,13.96,29.79
2919,0.34,10.67,26.22,21.59
2920,5.96,11.63,8.89,0.21
2923,inf,inf,inf,inf
2927,inf,inf,inf,inf
